{
  "DataLoadingTime": 0.0031953,
  "TrainingTime": 0.4335799,
  "EvaluationTime": 0.5431215,
  "AverageDistance": 3.6891795214976613
}